Timestamp,hdc1080,install_box_location,Testo
20:01:53,23.55,in,21.6
20:01:54,23.65,in,21.6
20:01:55,23.57,in,21.6
20:01:55,23.58,in,21.6
20:01:56,23.60,in,21.6
20:01:56,23.55,in,21.6
20:01:57,23.55,in,21.6
20:01:57,23.54,in,21.6
20:01:58,23.61,in,21.6
20:01:59,23.48,in,21.6
20:01:59,23.51,in,21.6
20:02:00,23.60,in,21.6
20:02:00,23.43,in,21.6
20:02:01,23.43,in,21.6
20:02:01,23.48,in,21.6
20:02:02,23.51,in,21.6
20:02:03,23.50,in,21.6
20:02:03,23.58,in,21.6
20:02:04,23.50,in,21.6
20:02:04,23.38,in,21.6
20:02:05,23.51,in,21.6
20:02:05,23.51,in,21.6
20:02:06,23.60,in,21.6
20:02:07,23.47,in,21.6
20:02:07,23.50,in,21.6
20:02:08,23.46,in,21.6
20:02:08,23.58,in,21.6
20:02:09,23.53,in,21.6
20:02:09,23.55,in,21.6
20:02:10,23.43,in,21.6
20:02:11,23.47,in,21.6
20:02:11,23.53,in,21.6
20:02:12,23.50,in,21.6
20:02:12,23.60,in,21.6
20:02:13,23.53,in,21.6
20:02:13,23.58,in,21.6
20:02:14,23.55,in,21.6
20:02:15,23.46,in,21.6
20:02:15,23.39,in,21.6
20:02:16,23.38,in,21.6
20:02:16,23.54,in,21.6
20:02:17,23.55,in,21.6
20:02:17,23.53,in,21.6
20:02:18,23.38,in,21.6
20:02:19,23.54,in,21.6
20:02:19,23.48,in,21.6
20:02:20,23.50,in,21.6
20:02:20,23.53,in,21.6
20:02:21,23.51,in,21.6
20:02:21,23.55,in,21.6
20:02:22,23.55,in,21.6
20:02:23,23.60,in,21.6
20:02:23,23.48,in,21.6
20:02:24,23.38,in,21.6
20:02:24,23.68,in,21.6
20:02:25,23.70,in,21.6
20:02:25,23.50,in,21.6
20:02:26,23.42,in,21.6
20:02:27,23.65,in,21.6
20:02:27,23.54,in,21.6
20:02:28,23.69,in,21.6
20:02:28,23.53,in,21.6
20:02:29,23.50,in,21.6
20:02:30,23.50,in,21.6
20:02:30,23.61,in,21.6
20:02:31,23.32,in,21.6
20:02:31,23.46,in,21.6
20:02:32,23.53,in,21.6
20:02:32,23.48,in,21.6
20:02:33,23.48,in,21.6
20:02:33,23.58,in,21.6
20:02:34,23.70,in,21.6
20:02:35,23.60,in,21.6
20:02:35,23.43,in,21.6
20:02:36,23.57,in,21.6
20:02:36,23.48,in,21.6
20:02:37,23.33,in,21.6
20:02:37,23.65,in,21.6
20:02:38,23.48,in,21.6
20:02:39,23.60,in,21.6
20:02:39,23.51,in,21.6
20:02:40,23.55,in,21.6
20:02:40,23.43,in,21.6
20:02:41,23.43,in,21.6
20:02:42,23.51,in,21.6
20:02:42,23.58,in,21.6
20:02:43,23.48,in,21.6
20:02:43,23.60,in,21.6
20:02:44,23.60,in,21.6
20:02:44,23.55,in,21.6
20:02:45,23.57,in,21.6
20:02:46,23.53,in,21.6
20:02:46,23.69,in,21.6
20:02:47,23.47,in,21.6
20:02:47,23.51,in,21.6
20:02:48,23.53,in,21.6
20:02:48,23.60,in,21.6
20:02:49,23.63,in,21.6
20:02:50,23.38,in,21.6
20:02:50,23.63,in,21.6
20:02:51,23.58,in,21.6
20:02:51,23.50,in,21.6
20:02:52,23.68,in,21.6
20:02:52,23.61,in,21.6
20:02:53,23.61,in,21.6
20:02:54,23.70,in,21.6
20:02:54,23.58,in,21.6
20:02:55,23.63,in,21.6
20:02:55,23.63,in,21.6
20:02:56,23.65,in,21.6
20:02:56,23.68,in,21.6
20:02:57,23.78,in,21.6
20:02:58,23.55,in,21.6
20:02:58,23.55,in,21.6
20:02:59,23.73,in,21.6
20:02:59,23.65,in,21.6
20:03:00,23.51,in,21.6
20:03:00,23.69,in,21.6
20:03:01,23.53,in,21.6
20:03:02,23.55,in,21.6
20:03:02,23.70,in,21.6
20:03:03,23.50,in,21.6
20:03:03,23.63,in,21.6
20:03:04,23.61,in,21.6
20:03:04,23.66,in,21.6
20:03:05,23.69,in,21.6
20:03:06,23.50,in,21.6
20:03:06,23.65,in,21.6
20:03:07,23.68,in,21.6
20:03:07,23.76,in,21.6
20:03:08,23.79,in,21.6
20:03:08,23.60,in,21.6
20:03:09,23.66,in,21.6
20:03:10,23.60,in,21.6
20:03:10,23.65,in,21.6
20:03:11,23.65,in,21.6
20:03:11,23.70,in,21.6
20:03:12,23.78,in,21.6
20:03:12,23.68,in,21.6
20:03:13,23.85,in,21.6
20:03:14,23.80,in,21.6
20:03:14,23.75,in,21.6
20:03:15,23.91,in,21.6
20:03:15,23.75,in,21.6
20:03:16,23.61,in,21.6
20:03:16,23.83,in,21.6
20:03:17,23.87,in,21.6
20:03:18,23.73,in,21.6
20:03:18,23.72,in,21.6
20:03:19,23.84,in,21.6
20:03:19,23.78,in,21.6
20:03:20,23.68,in,21.6
20:03:20,23.58,in,21.6
20:03:21,23.68,in,21.6
20:03:22,23.60,in,21.6
20:03:22,23.72,in,21.6
20:03:23,23.54,in,21.6
20:03:23,23.70,in,21.6
20:03:24,23.63,in,21.6
20:03:24,23.54,in,21.6
20:03:25,23.48,out,21.6
20:03:26,23.61,out,21.6
20:03:26,23.53,out,21.6
20:03:27,23.60,out,21.6
20:03:27,23.57,out,21.6
20:03:28,23.55,out,21.6
20:03:28,23.61,out,21.6
20:03:29,23.60,out,21.6
20:03:30,23.54,out,21.6
20:03:30,23.60,out,21.6
20:03:31,23.32,out,21.6
20:03:31,23.46,out,21.6
20:03:32,23.31,out,21.6
20:03:32,23.38,out,21.6
20:03:33,23.39,out,21.6
20:03:34,23.33,out,21.6
20:03:34,23.36,out,21.6
20:03:35,23.23,out,21.6
20:03:35,23.46,out,21.6
20:03:36,23.42,out,21.6
20:03:36,23.28,out,21.6
20:03:37,23.22,out,21.6
20:03:38,23.23,out,21.6
20:03:38,23.17,out,21.6
20:03:39,23.32,out,21.6
20:03:39,23.36,out,21.6
20:03:40,23.17,out,21.6
20:03:40,23.15,out,21.6
20:03:41,23.16,out,21.6
20:03:42,23.05,out,21.6
20:03:42,23.13,out,21.6
20:03:43,22.97,out,21.6
20:03:43,23.20,out,21.6
20:03:44,23.16,out,21.6
20:03:44,23.00,out,21.6
20:03:45,23.09,out,21.6
20:03:46,23.13,out,21.6
20:03:46,23.12,out,21.6
20:03:47,23.10,out,21.6
20:03:47,23.17,out,21.6
20:03:48,23.05,out,21.6
20:03:49,23.05,out,21.6
20:03:49,22.97,out,21.6
20:03:50,23.00,out,21.6
20:03:50,23.09,out,21.6
20:03:51,22.91,out,21.6
20:03:51,23.07,out,21.6
20:03:52,22.82,out,21.6
20:03:52,23.00,out,21.6
20:03:53,22.83,out,21.6
20:03:54,22.98,out,21.6
20:03:54,22.77,out,21.6
20:03:55,22.82,out,21.6
20:03:55,22.83,out,21.6
20:03:56,22.77,out,21.6
20:03:57,22.91,out,21.6
20:03:57,22.77,out,21.6
20:03:58,23.01,out,21.6
20:03:58,22.97,out,21.6
20:03:59,23.02,out,21.6
20:03:59,22.80,out,21.6
20:04:00,22.92,out,21.6
20:04:01,22.88,out,21.6
20:04:01,22.72,out,21.6
20:04:02,22.73,out,21.6
20:04:02,22.70,out,21.6
20:04:03,22.79,out,21.6
20:04:03,22.77,out,21.6
20:04:04,22.70,out,21.6
20:04:05,22.72,out,21.6
20:04:05,22.64,out,21.6
20:04:06,22.82,out,21.6
20:04:06,22.68,out,21.6
20:04:07,22.65,out,21.6
20:04:07,22.83,out,21.6
20:04:08,22.67,out,21.6
20:04:09,22.72,out,21.6
20:04:09,22.86,out,21.6
20:04:10,22.64,out,21.6
20:04:10,22.61,out,21.6
20:04:11,22.72,out,21.6
20:04:11,22.64,out,21.6
20:04:12,22.62,out,21.6
20:04:13,22.73,out,21.6
20:04:13,22.61,out,21.6
20:04:14,22.60,out,21.6
20:04:14,22.75,out,21.6
20:04:15,22.55,out,21.6
20:04:15,22.67,out,21.6
20:04:16,22.65,out,21.6
20:04:17,22.58,out,21.6
20:04:17,22.70,out,21.6
20:04:18,22.57,out,21.6
20:04:18,22.57,out,21.6
20:04:19,22.70,out,21.6
20:04:19,22.60,out,21.6
20:04:20,22.54,out,21.6
20:04:21,22.47,out,21.6
20:04:21,22.61,out,21.6
20:04:22,22.46,out,21.6
20:04:22,22.45,out,21.6
20:04:23,22.54,out,21.6
20:04:23,22.47,out,21.6
20:04:24,22.62,out,21.6
20:04:25,22.55,out,21.6
20:04:25,22.33,out,21.6
20:04:26,22.40,out,21.6
20:04:26,22.52,out,21.6
20:04:27,22.37,out,21.6
20:04:27,22.42,out,21.6
20:04:28,22.39,out,21.6
20:04:29,22.37,out,21.6
20:04:29,22.42,out,21.6
20:04:30,22.36,out,21.6
20:04:30,22.47,out,21.6
20:04:31,22.60,out,21.6
20:04:31,22.45,out,21.6
20:04:32,22.42,out,21.6
20:04:33,22.31,out,21.6
20:04:33,22.39,out,21.6
20:04:34,22.54,out,21.6
20:04:34,22.36,out,21.6
20:04:35,22.33,out,21.6
20:04:35,22.21,out,21.6
20:04:36,22.33,out,21.6
20:04:37,22.21,out,21.6
20:04:37,22.10,out,21.6
20:04:38,22.45,out,21.6
20:04:38,22.33,out,21.6
20:04:39,22.37,out,21.6
20:04:39,22.37,out,21.6
20:04:40,22.18,out,21.6
20:04:41,22.24,out,21.6
20:04:41,22.36,out,21.6
20:04:42,22.33,out,21.6
20:04:42,22.33,out,21.6
20:04:43,22.22,out,21.6
20:04:43,22.30,out,21.6
20:04:44,22.33,out,21.6
20:04:45,22.33,out,21.6
20:04:45,22.22,out,21.6
20:04:46,22.35,out,21.6
20:04:46,22.31,out,21.6
20:04:47,22.27,out,21.6
20:04:47,22.31,out,21.6
20:04:48,22.24,out,21.6
20:04:49,22.28,out,21.6
20:04:49,22.35,out,21.6
20:04:50,22.36,out,21.6
20:04:50,22.20,out,21.6
20:04:51,22.21,out,21.6
20:04:51,22.24,out,21.6
20:04:52,22.14,out,21.6
20:04:53,22.09,out,21.6
20:04:53,22.25,out,21.6
20:04:54,22.09,out,21.6
20:04:54,22.17,out,21.6
20:04:55,22.27,out,21.6
20:04:55,22.18,out,21.6
20:04:56,22.25,out,21.6
20:04:57,22.21,out,21.6
20:04:57,22.30,out,21.6
20:04:58,22.35,out,21.6
20:04:58,22.07,out,21.6
20:04:59,22.39,out,21.6
20:04:59,22.24,out,21.6
20:05:00,22.15,out,21.6
20:05:01,22.27,out,21.6
20:05:01,22.21,out,21.6
20:05:02,22.10,out,21.6
20:05:02,22.15,out,21.6
20:05:03,22.24,out,21.6
20:05:03,22.15,out,21.6
20:05:04,22.18,out,21.6
20:05:05,22.10,out,21.6
20:05:05,22.25,out,21.6
20:05:06,22.15,out,21.6
20:05:06,22.07,out,21.6
20:05:07,22.17,out,21.6
20:05:08,22.15,out,21.6
20:05:08,22.02,out,21.6
20:05:09,22.27,out,21.6
20:05:09,22.31,out,21.6
20:05:10,22.07,out,21.6
20:05:10,22.17,out,21.6
20:05:11,22.10,out,21.6
20:05:12,22.28,out,21.6
20:05:12,22.03,out,21.6
20:05:13,22.06,out,21.6
20:05:13,21.94,out,21.6
20:05:14,22.21,out,21.6
20:05:14,22.21,out,21.6
20:05:15,22.18,out,21.6
20:05:16,22.09,out,21.6
20:05:16,22.22,out,21.6
20:05:17,22.03,out,21.6
20:05:17,21.99,out,21.6
20:05:18,22.03,out,21.6
20:05:18,22.10,out,21.6
20:05:19,22.15,out,21.6
20:05:20,22.12,out,21.6
20:05:20,22.22,out,21.6
20:05:21,22.06,out,21.6
20:05:21,22.10,out,21.6
20:05:22,22.22,out,21.6
20:05:22,22.05,out,21.6
20:05:23,22.09,out,21.6
20:05:24,22.17,out,21.6
20:05:24,21.94,out,21.6
20:05:25,22.20,out,21.6
20:05:25,22.06,out,21.6
20:05:26,22.14,out,21.6
20:05:26,22.00,out,21.6
20:05:27,22.09,out,21.6
20:05:28,22.06,out,21.6
20:05:28,22.07,out,21.6
20:05:29,22.05,out,21.6
20:05:29,22.06,out,21.6
20:05:30,21.98,out,21.6
20:05:30,22.05,out,21.6
20:05:31,22.24,out,21.6
20:05:32,22.09,out,21.6
20:05:32,22.09,out,21.6
20:05:33,22.20,out,21.6
20:05:33,22.14,out,21.6
20:05:34,22.09,out,21.6
20:05:34,22.00,out,21.6
20:05:35,22.09,out,21.6
20:05:36,21.96,out,21.6
20:05:36,22.06,out,21.6
20:05:37,21.91,out,21.6
20:05:37,22.10,out,21.6
20:05:38,22.00,out,21.6
20:05:38,22.00,out,21.6
20:05:39,21.96,out,21.6
20:05:40,22.14,out,21.6
20:05:40,22.17,out,21.6
20:05:41,22.17,out,21.6
20:05:41,22.06,out,21.6
20:05:42,22.00,out,21.6
20:05:42,21.84,out,21.6
20:05:43,21.82,out,21.6
20:05:44,22.06,out,21.6
20:05:44,21.99,out,21.6
20:05:45,21.98,out,21.6
20:05:45,21.91,out,21.6
20:05:46,21.87,out,21.6
20:05:46,21.91,out,21.6
20:05:47,21.98,out,21.6
20:05:48,21.75,out,21.6
20:05:48,21.84,out,21.6
20:05:49,21.94,out,21.6
20:05:49,21.83,out,21.6
20:05:50,22.00,out,21.6
20:05:50,22.10,out,21.6
20:05:51,21.86,out,21.6
20:05:52,22.02,out,21.6
20:05:52,21.91,out,21.6
20:05:53,22.09,out,21.6
20:05:53,22.02,out,21.6
20:05:54,22.00,out,21.6
20:05:54,21.99,out,21.6
20:05:55,21.91,out,21.6
20:05:56,21.98,out,21.6
20:05:56,21.96,out,21.6
20:05:57,21.68,out,21.6
20:05:57,22.02,out,21.6
20:05:58,21.86,out,21.6
20:05:58,22.00,out,21.6
20:05:59,21.92,out,21.6
20:06:00,21.99,out,21.6
20:06:00,21.91,out,21.6
20:06:01,21.94,out,21.6
20:06:01,21.94,out,21.6
20:06:02,21.84,out,21.6
20:06:02,21.91,out,21.6
20:06:03,21.90,out,21.6
20:06:04,22.07,out,21.6
20:06:04,21.96,out,21.6
20:06:05,21.84,out,21.6
20:06:05,21.91,out,21.6
20:06:06,22.07,out,21.6
20:06:06,22.03,out,21.6
20:06:07,22.00,out,21.6
20:06:08,21.94,out,21.6
20:06:08,21.98,out,21.6
20:06:09,22.06,out,21.6
20:06:09,21.86,out,21.6
20:06:10,21.99,out,21.6
20:06:10,22.10,out,21.6
20:06:11,21.77,out,21.6
20:06:12,21.94,out,21.6
20:06:12,21.82,out,21.6
20:06:13,21.99,out,21.6
20:06:13,21.84,out,21.6
20:06:14,21.91,out,21.6
20:06:14,22.00,out,21.6
20:06:15,21.91,out,21.6
20:06:16,21.84,out,21.6
20:06:16,21.72,out,21.6
20:06:17,21.84,out,21.6
20:06:17,21.82,out,21.6
20:06:18,21.86,out,21.6
20:06:18,21.84,out,21.6
20:06:19,21.84,out,21.6
20:06:20,21.83,out,21.6
20:06:20,21.87,out,21.6
20:06:21,21.84,out,21.6
20:06:21,22.05,out,21.6
20:06:22,21.94,out,21.6
20:06:22,21.87,out,21.6
20:06:23,21.83,out,21.6
20:06:24,21.87,out,21.6
20:06:24,21.79,out,21.6
20:06:25,21.94,out,21.6
20:06:25,21.82,out,21.6
20:06:26,21.86,out,21.6
20:06:26,21.90,out,21.6
20:06:27,21.84,out,21.6
20:06:28,22.02,out,21.6
20:06:28,21.82,out,21.6
20:06:29,21.98,out,21.6
20:06:29,21.92,out,21.6
20:06:30,21.87,out,21.6
20:06:31,21.91,out,21.6
20:06:31,21.90,out,21.6
20:06:32,21.99,out,21.6
20:06:32,21.86,out,21.6
20:06:33,22.00,out,21.6
20:06:33,22.00,out,21.6
20:06:34,21.83,out,21.6
20:06:35,21.79,out,21.6
20:06:35,21.86,out,21.6
20:06:36,21.80,out,21.6
20:06:36,21.96,out,21.6
20:06:37,21.91,out,21.6
20:06:37,21.98,out,21.6
20:06:38,21.94,out,21.6
20:06:39,21.64,out,21.6
20:06:39,21.80,out,21.6
20:06:40,21.79,out,21.6
20:06:40,21.77,out,21.6
20:06:41,21.86,out,21.6
20:06:41,21.68,out,21.6
20:06:42,21.91,out,21.6
20:06:43,21.94,out,21.6
20:06:43,21.83,out,21.6
20:06:44,21.82,out,21.6
20:06:44,21.82,out,21.6
20:06:45,21.86,out,21.6
20:06:45,21.86,out,21.6
20:06:46,21.84,out,21.6
20:06:47,21.77,out,21.6
20:06:47,21.79,out,21.6
20:06:48,21.77,out,21.6
20:06:48,21.79,out,21.6
20:06:49,21.72,out,21.6
20:06:49,21.74,out,21.6
20:06:50,21.79,out,21.6
20:06:51,21.83,out,21.6
20:06:51,21.87,out,21.6
20:06:52,21.59,out,21.6
20:06:52,21.82,out,21.6
20:06:53,21.75,out,21.6
20:06:53,21.68,out,21.6
20:06:54,21.79,out,21.6
20:06:55,21.84,out,21.6
20:06:55,21.77,out,21.6
20:06:56,21.82,out,21.6
20:06:56,21.65,out,21.6
20:06:57,21.65,out,21.6
20:06:58,21.84,out,21.6
20:06:58,21.75,out,21.6
20:06:59,21.68,out,21.6
20:06:59,21.79,out,21.6
20:07:00,21.84,out,21.6
20:07:00,21.86,out,21.6
20:07:01,21.79,out,21.6
20:07:01,21.64,out,21.6
20:07:02,21.77,out,21.6
20:07:03,21.84,out,21.6
20:07:03,21.64,out,21.6
20:07:04,21.84,out,21.6
20:07:04,21.69,out,21.6
20:07:05,21.72,out,21.6
20:07:05,21.82,out,21.6
20:07:06,21.86,out,21.6
20:07:07,21.65,out,21.6
20:07:07,21.75,out,21.6
20:07:08,21.75,out,21.6
20:07:08,21.77,out,21.6
20:07:09,21.65,out,21.6
20:07:09,21.67,out,21.6
20:07:10,21.75,out,21.6
20:07:11,21.67,out,21.6
20:07:11,21.79,out,21.6
20:07:12,21.77,out,21.6
20:07:12,21.67,out,21.6
20:07:13,21.75,out,21.6
20:07:13,21.80,out,21.6
20:07:14,21.64,out,21.6
20:07:15,21.56,out,21.6
20:07:15,21.79,out,21.6
20:07:16,21.86,out,21.6
20:07:16,21.65,out,21.6
20:07:17,21.83,out,21.6
20:07:17,21.71,out,21.6
20:07:18,21.74,out,21.6
20:07:19,21.77,out,21.6
20:07:19,21.72,out,21.6
20:07:20,21.67,out,21.6
20:07:20,21.61,out,21.6
20:07:21,21.91,out,21.6
20:07:21,21.72,out,21.6
20:07:22,21.72,out,21.6
20:07:23,21.71,out,21.6
20:07:23,21.54,out,21.6
20:07:24,21.67,out,21.6
20:07:24,21.58,out,21.6
20:07:25,21.65,out,21.6
20:07:25,21.68,out,21.6
20:07:26,21.50,out,21.6
20:07:27,21.61,out,21.6
20:07:27,21.56,out,21.6
20:07:28,21.75,out,21.6
20:07:28,21.75,out,21.6
20:07:29,21.56,out,21.6
20:07:29,21.65,out,21.6
20:07:30,21.82,out,21.6
20:07:31,21.79,out,21.6
20:07:31,21.79,out,21.6
20:07:32,21.68,out,21.6
20:07:32,21.62,out,21.6
20:07:33,21.74,out,21.6
20:07:33,21.69,out,21.6
20:07:34,21.68,out,21.6
20:07:35,21.82,out,21.6
20:07:35,21.62,out,21.6
20:07:36,21.71,out,21.6
20:07:36,21.67,out,21.6
20:07:37,21.61,out,21.6
20:07:38,21.59,out,21.6
20:07:38,21.61,out,21.6
20:07:39,21.69,out,21.6
20:07:39,21.58,out,21.6
20:07:40,21.80,out,21.6
20:07:40,21.59,out,21.6
20:07:41,21.65,out,21.6
20:07:42,21.71,out,21.6
20:07:42,21.61,out,21.6
20:07:43,21.72,out,21.6
20:07:43,21.61,out,21.6
20:07:44,21.86,out,21.6
20:07:44,21.49,out,21.6
20:07:45,21.75,out,21.6
20:07:45,21.72,out,21.6
20:07:46,21.61,out,21.6
20:07:47,21.61,out,21.6
20:07:47,21.69,out,21.6
20:07:48,21.52,out,21.6
20:07:48,21.69,out,21.6
20:07:49,21.67,out,21.6
20:07:50,21.65,out,21.6
20:07:50,21.54,out,21.6
20:07:51,21.62,out,21.6
20:07:51,21.67,out,21.6
20:07:52,21.61,out,21.6
20:07:52,21.56,out,21.6
20:07:53,21.62,out,21.6
20:07:54,21.65,out,21.6
20:07:54,21.56,out,21.6
20:07:55,21.71,out,21.6
20:07:55,21.74,out,21.6
20:07:56,21.65,out,21.6
20:07:56,21.56,out,21.6
20:07:57,21.56,out,21.6
20:07:58,21.74,out,21.6
20:07:58,21.64,out,21.6
20:07:59,21.67,out,21.6
20:07:59,21.64,out,21.6
20:08:00,21.69,out,21.6
20:08:00,21.74,out,21.6
20:08:01,21.59,out,21.6
20:08:02,21.56,out,21.6
20:08:02,21.68,out,21.6
20:08:03,21.61,out,21.6
20:08:03,21.71,out,21.6
20:08:04,21.74,out,21.6
20:08:04,21.62,out,21.6
20:08:05,21.74,out,21.6
20:08:06,21.64,out,21.6
20:08:06,21.64,out,21.6
20:08:07,21.67,out,21.6
20:08:07,21.56,out,21.6
20:08:08,21.68,out,21.6
20:08:08,21.56,out,21.6
20:08:09,21.50,out,21.6
20:08:10,21.61,out,21.6
20:08:10,21.54,out,21.6
20:08:11,21.52,out,21.6
20:08:11,21.56,out,21.6
20:08:12,21.58,out,21.6
20:08:12,21.62,out,21.6
20:08:13,21.52,out,21.6
20:08:14,21.47,out,21.6
20:08:14,21.56,out,21.6
20:08:15,21.61,out,21.6
20:08:15,21.62,out,21.6
20:08:16,21.50,out,21.6
20:08:16,21.59,out,21.6
20:08:17,21.65,out,21.6
20:08:18,21.46,out,21.6
20:08:18,21.65,out,21.6
20:08:19,21.59,out,21.6
20:08:19,21.61,out,21.6
20:08:20,21.53,out,21.6
20:08:20,21.54,out,21.6
20:08:21,21.68,out,21.6
20:08:22,21.72,out,21.6
20:08:22,21.52,out,21.6
20:08:23,21.67,out,21.6
20:08:23,21.71,out,21.6
20:08:24,21.62,out,21.6
20:08:24,21.53,out,21.6
20:08:25,21.54,out,21.6
20:08:26,21.62,out,21.6
20:08:26,21.61,out,21.6
20:08:27,21.65,out,21.6
20:08:27,21.40,out,21.6
20:08:28,21.65,out,21.6
20:08:28,21.79,out,21.6
20:08:29,21.46,out,21.6
20:08:30,21.65,out,21.6
20:08:30,21.52,out,21.6
20:08:31,21.49,out,21.6
20:08:31,21.53,out,21.6
20:08:32,21.54,out,21.6
20:08:32,21.53,out,21.6
20:08:33,21.58,out,21.6
20:08:34,21.58,out,21.6
20:08:34,21.46,out,21.6
20:08:35,21.49,out,21.6
20:08:35,21.54,out,21.6
20:08:36,21.62,out,21.6
20:08:36,21.43,out,21.6
20:08:37,21.40,out,21.6
20:08:38,21.62,out,21.6
20:08:38,21.59,out,21.6
20:08:39,21.52,out,21.6
20:08:39,21.52,out,21.6
20:08:40,21.44,out,21.6
20:08:40,21.53,out,21.6
20:08:41,21.59,out,21.6
20:08:42,21.50,out,21.6
20:08:42,21.37,out,21.6
20:08:43,21.54,out,21.6
20:08:43,21.50,out,21.6
20:08:44,21.65,out,21.6
20:08:44,21.54,out,21.6
20:08:45,21.59,out,21.6
20:08:46,21.52,out,21.6
20:08:46,21.61,out,21.6
20:08:47,21.61,out,21.6
20:08:47,21.53,out,21.6
20:08:48,21.52,out,21.6
20:08:48,21.29,out,21.6
20:08:49,21.56,out,21.6
20:08:50,21.50,out,21.6
20:08:50,21.59,out,21.6
20:08:51,21.54,out,21.6
20:08:51,21.59,out,21.6
20:08:52,21.49,out,21.6
20:08:52,21.74,out,21.6
20:08:53,21.64,out,21.6
20:08:54,21.62,out,21.6
20:08:54,21.38,out,21.6
20:08:55,21.62,out,21.6
20:08:55,21.61,out,21.6
20:08:56,21.43,out,21.6
20:08:57,21.50,out,21.6
20:08:57,21.53,out,21.6
20:08:58,21.64,out,21.6
20:08:58,21.54,out,21.6
20:08:59,21.54,out,21.6
20:08:59,21.62,out,21.6
20:09:00,21.44,out,21.6
20:09:01,21.52,out,21.6
20:09:01,21.61,out,21.6
20:09:02,21.47,out,21.6
20:09:02,21.40,out,21.6
20:09:03,21.59,out,21.6
20:09:03,21.52,out,21.6
20:09:04,21.44,out,21.6
20:09:05,21.62,out,21.6
20:09:05,21.53,out,21.6
20:09:06,21.59,out,21.6
20:09:06,21.54,out,21.6
20:09:07,21.49,out,21.6
20:09:07,21.43,out,21.6
20:09:08,21.43,out,21.6
20:09:09,21.47,out,21.6
20:09:09,21.56,out,21.6
20:09:10,21.62,out,21.6
20:09:10,21.50,out,21.6
20:09:11,21.35,out,21.6
20:09:11,21.43,out,21.6
20:09:12,21.61,out,21.6
20:09:13,21.67,out,21.6
20:09:13,21.54,out,21.6
20:09:14,21.61,out,21.6
20:09:14,21.52,out,21.6
20:09:15,21.47,out,21.6
20:09:15,21.47,out,21.6
20:09:16,21.56,out,21.6
20:09:17,21.53,out,21.6
20:09:17,21.58,out,21.6
20:09:18,21.50,out,21.6
20:09:18,21.52,out,21.6
20:09:19,21.65,out,21.6
20:09:19,21.58,out,21.6
20:09:20,21.53,out,21.6
20:09:21,21.42,out,21.6
20:09:21,21.61,out,21.6
20:09:22,21.59,out,21.6
20:09:22,21.40,out,21.6
20:09:23,21.62,out,21.6
20:09:23,21.47,out,21.6
20:09:24,21.43,out,21.6
20:09:25,21.37,out,21.6
20:09:25,21.53,out,21.6
20:09:26,21.49,out,21.6
20:09:26,21.49,out,21.6
20:09:27,21.52,out,21.6
20:09:27,21.46,out,21.6
20:09:28,21.43,out,21.6
20:09:29,21.67,out,21.6
20:09:29,21.53,out,21.6
20:09:30,21.59,out,21.6
20:09:30,21.53,out,21.6
20:09:31,21.53,out,21.6
20:09:31,21.54,out,21.6
20:09:32,21.52,out,21.6
20:09:33,21.54,out,21.6
20:09:33,21.53,out,21.6
20:09:34,21.61,out,21.6
20:09:34,21.62,out,21.6
20:09:35,21.47,out,21.6
20:09:35,21.46,out,21.6
20:09:36,21.29,out,21.6
20:09:37,21.50,out,21.6
20:09:37,21.43,out,21.6
20:09:38,21.47,out,21.6
20:09:38,21.47,out,21.6
20:09:39,21.47,out,21.6
20:09:39,21.59,out,21.6
20:09:40,21.59,out,21.6
20:09:41,21.56,out,21.6
20:09:41,21.58,out,21.6
20:09:42,21.47,out,21.6
20:09:42,21.56,out,21.6
20:09:43,21.59,out,21.6
20:09:43,21.64,out,21.6
20:09:44,21.50,out,21.6
20:09:45,21.44,out,21.6
20:09:45,21.40,out,21.6
20:09:46,21.53,out,21.6
20:09:46,21.67,out,21.6
20:09:47,21.44,out,21.6
20:09:47,21.46,out,21.6
20:09:48,21.61,out,21.6
20:09:49,21.38,out,21.6
20:09:49,21.58,out,21.6
20:09:50,21.46,out,21.6
20:09:50,21.37,out,21.6
20:09:51,21.42,out,21.6
20:09:51,21.50,out,21.6
20:09:52,21.53,out,21.6
20:09:53,21.40,out,21.6
20:09:53,21.50,out,21.6
20:09:54,21.54,out,21.6
20:09:54,21.54,out,21.6
20:09:55,21.54,out,21.6
20:09:55,21.54,out,21.6
20:09:56,21.44,out,21.6
20:09:57,21.44,out,21.6
20:09:57,21.50,out,21.6
20:09:58,21.49,out,21.6
20:09:58,21.37,out,21.6
20:09:59,21.58,out,21.6
20:09:59,21.50,out,21.6
20:10:00,21.46,out,21.6
20:10:01,21.50,out,21.6
20:10:01,21.52,out,21.6
20:10:02,21.56,out,21.6
20:10:02,21.54,out,21.6
20:10:03,21.49,out,21.6
20:10:03,21.50,out,21.6
20:10:04,21.59,out,21.6
20:10:05,21.28,out,21.6
20:10:05,21.52,out,21.6
20:10:06,21.40,out,21.6
20:10:06,21.49,out,21.6
20:10:07,21.42,out,21.6
20:10:08,21.49,out,21.6
20:10:08,21.58,out,21.6
20:10:09,21.49,out,21.6
20:10:09,21.43,out,21.6
20:10:10,21.47,out,21.6
20:10:10,21.59,out,21.6
20:10:11,21.64,out,21.6
20:10:11,21.52,out,21.6
20:10:12,21.34,out,21.6
20:10:13,21.40,out,21.6
20:10:13,21.49,out,21.6
20:10:14,21.40,out,21.6
20:10:14,21.40,out,21.6
20:10:15,21.56,out,21.6
20:10:16,21.46,out,21.6
20:10:16,21.46,out,21.6
20:10:17,21.49,out,21.6
20:10:17,21.34,out,21.6
20:10:18,21.68,out,21.6
20:10:18,21.34,out,21.6
20:10:19,21.49,out,21.6
20:10:20,21.47,out,21.6
20:10:20,21.46,out,21.6
20:10:21,21.49,out,21.6
20:10:21,21.56,out,21.6
20:10:22,21.50,out,21.6
20:10:22,21.53,out,21.6
20:10:23,21.43,out,21.6
20:10:24,21.59,out,21.6
20:10:24,21.47,out,21.6
20:10:25,21.49,out,21.6
20:10:25,21.46,out,21.6
20:10:26,21.37,out,21.6
20:10:26,21.50,out,21.6
20:10:27,21.44,out,21.6
20:10:28,21.50,out,21.6
20:10:28,21.49,out,21.6
20:10:29,21.49,out,21.6
20:10:29,21.29,out,21.6
20:10:30,21.38,out,21.6
20:10:30,21.44,out,21.6
20:10:31,21.46,out,21.6
20:10:32,21.49,out,21.6
20:10:32,21.56,out,21.6
20:10:33,21.49,out,21.6
20:10:33,21.37,out,21.6
20:10:34,21.58,out,21.6
20:10:34,21.49,out,21.6
20:10:35,21.44,out,21.6
20:10:36,21.53,out,21.6
20:10:36,21.49,out,21.6
20:10:37,21.37,out,21.6
20:10:37,21.53,out,21.6
20:10:38,21.69,out,21.6
20:10:38,21.56,out,21.6
20:10:39,21.52,out,21.6
20:10:40,21.52,out,21.6
20:10:40,21.53,out,21.6
20:10:41,21.52,out,21.6
20:10:41,21.58,out,21.6
20:10:42,21.43,out,21.6
20:10:42,21.54,out,21.6
20:10:43,21.35,out,21.6
20:10:44,21.65,out,21.6
20:10:44,21.46,out,21.6
20:10:45,21.56,out,21.6
20:10:45,21.67,out,21.6
20:10:46,21.50,out,21.6
20:10:46,21.40,out,21.6
20:10:47,21.62,out,21.6
20:10:48,21.56,out,21.6
20:10:48,21.58,out,21.6
20:10:49,21.54,out,21.6
20:10:49,21.42,out,21.6
20:10:50,21.44,out,21.6
20:10:50,21.52,out,21.6
20:10:51,21.44,out,21.6
20:10:52,21.62,out,21.6
20:10:52,21.52,out,21.6
20:10:53,21.54,out,21.6
20:10:53,21.56,out,21.6
20:10:54,21.54,out,21.6
20:10:54,21.38,out,21.6
20:10:55,21.49,out,21.6
20:10:56,21.58,out,21.6
20:10:56,21.56,out,21.6
20:10:57,21.59,out,21.6
20:10:57,21.52,out,21.6
20:10:58,21.44,out,21.6
20:10:58,21.53,out,21.6
20:10:59,21.35,out,21.6
20:11:00,21.44,out,21.6
20:11:00,21.42,out,21.6
20:11:01,21.34,out,21.6
20:11:01,21.75,out,21.6
20:11:02,21.37,out,21.6
20:11:02,21.53,out,21.6
20:11:03,21.61,out,21.6
20:11:04,21.59,out,21.6
20:11:04,21.54,out,21.6
20:11:05,21.50,out,21.6
20:11:05,21.50,out,21.6
20:11:06,21.31,out,21.6
20:11:06,21.56,out,21.6
20:11:07,21.64,out,21.6
20:11:08,21.56,out,21.6
20:11:08,21.56,out,21.6
20:11:09,21.53,out,21.6
20:11:09,21.50,out,21.6
20:11:10,21.53,out,21.6
20:11:10,21.35,out,21.6
20:11:11,21.50,out,21.6
20:11:12,21.54,out,21.6
20:11:12,21.54,out,21.6
20:11:13,21.56,out,21.6
20:11:13,21.53,out,21.6
20:11:14,21.62,out,21.6
20:11:15,21.47,out,21.6
20:11:15,21.61,out,21.6
20:11:16,21.44,out,21.6
20:11:16,21.49,out,21.6
20:11:17,21.40,out,21.6
20:11:17,21.50,out,21.6
20:11:18,21.43,out,21.6
20:11:18,21.42,out,21.6
20:11:19,21.47,out,21.6
20:11:20,21.43,out,21.6
20:11:20,21.53,out,21.6
20:11:21,21.56,out,21.6
20:11:21,21.50,out,21.6
20:11:22,21.46,out,21.6
20:11:22,21.49,out,21.6
20:11:23,21.52,out,21.6
20:11:24,21.47,out,21.6
20:11:24,21.54,out,21.6
20:11:25,21.49,out,21.6
20:11:25,21.58,out,21.6
20:11:26,21.56,out,21.6
20:11:26,21.58,out,21.6
20:11:27,21.59,out,21.6
20:11:28,21.59,out,21.6
20:11:28,21.59,out,21.6
20:11:29,21.53,out,21.6
20:11:29,21.47,out,21.6
20:11:30,21.47,out,21.6
20:11:31,21.47,out,21.6
20:11:31,21.46,out,21.6
20:11:32,21.49,out,21.6
20:11:32,21.47,out,21.6
20:11:33,21.64,out,21.6
20:11:33,21.46,out,21.6
20:11:34,21.43,out,21.6
20:11:35,21.54,out,21.6
20:11:35,21.32,out,21.6
20:11:36,21.52,out,21.6
20:11:36,21.59,out,21.6
20:11:37,21.59,out,21.6
20:11:37,21.44,out,21.6
20:11:38,21.50,out,21.6
20:11:39,21.46,out,21.6
20:11:39,21.58,out,21.6
20:11:40,21.43,out,21.6
20:11:40,21.42,out,21.6
20:11:41,21.46,out,21.6
20:11:41,21.44,out,21.6
20:11:42,21.47,out,21.6
20:11:43,21.42,out,21.6
20:11:43,21.59,out,21.6
20:11:44,21.38,out,21.6
20:11:44,21.46,out,21.6
20:11:45,21.61,out,21.6
20:11:45,21.32,out,21.6
20:11:46,21.56,out,21.6
20:11:47,21.56,out,21.6
20:11:47,21.49,out,21.6
20:11:48,21.50,out,21.6
20:11:48,21.47,out,21.6
20:11:49,21.37,out,21.6
20:11:49,21.50,out,21.6
20:11:50,21.54,out,21.6
20:11:51,21.64,out,21.6
20:11:51,21.42,out,21.6
20:11:52,21.61,out,21.6
20:11:52,21.44,out,21.6
20:11:53,21.42,out,21.6
20:11:53,21.49,out,21.6
20:11:54,21.42,out,21.6
20:11:55,21.52,out,21.6
20:11:55,21.52,out,21.6
20:11:56,21.53,out,21.6
20:11:56,21.43,out,21.6
20:11:57,21.50,out,21.6
20:11:57,21.64,out,21.6
20:11:58,21.61,out,21.6
20:11:59,21.59,out,21.6
20:11:59,21.52,out,21.6
20:12:00,21.49,out,21.6
20:12:00,21.49,out,21.6
20:12:01,21.44,out,21.6
20:12:01,21.46,out,21.6
20:12:02,21.61,out,21.6
20:12:03,21.53,out,21.6
20:12:03,21.38,out,21.6
20:12:04,21.40,out,21.6
20:12:04,21.44,out,21.6
20:12:05,21.28,out,21.6
20:12:05,21.34,out,21.6
20:12:06,21.43,out,21.6
20:12:07,21.43,out,21.6
20:12:07,21.42,out,21.6
20:12:08,21.34,out,21.6
20:12:08,21.50,out,21.6
20:12:09,21.43,out,21.6
20:12:09,21.56,out,21.6
20:12:10,21.49,out,21.6
20:12:11,21.40,out,21.6
20:12:11,21.61,out,21.6
20:12:12,21.35,out,21.6
20:12:12,21.47,out,21.6
20:12:13,21.42,out,21.6
20:12:13,21.52,out,21.6
20:12:14,21.40,out,21.6
20:12:15,21.38,out,21.6
20:12:15,21.46,out,21.6
20:12:16,21.61,out,21.6
20:12:16,21.64,out,21.6
20:12:17,21.46,out,21.6
20:12:17,21.35,out,21.6
20:12:18,21.49,out,21.6
20:12:19,21.53,out,21.6
20:12:19,21.44,out,21.6
20:12:20,21.25,out,21.6
20:12:20,21.68,out,21.6
20:12:21,21.53,out,21.6
20:12:21,21.58,out,21.6
20:12:22,21.49,out,21.6
20:12:23,21.52,out,21.6
20:12:23,21.56,out,21.6
20:12:24,21.58,out,21.6
20:12:24,21.50,out,21.6
20:12:25,21.46,out,21.6
20:12:25,21.43,out,21.6
20:12:26,21.42,out,21.6
20:12:27,21.46,out,21.6
20:12:27,21.37,out,21.6
20:12:28,21.61,out,21.6
20:12:28,21.42,out,21.6
20:12:29,21.46,out,21.6
20:12:29,21.65,out,21.6
20:12:30,21.44,out,21.6
20:12:31,21.68,out,21.6
20:12:31,21.47,out,21.6
20:12:32,21.56,out,21.6
20:12:32,21.50,out,21.6
20:12:33,21.56,out,21.6
20:12:33,21.43,out,21.6
20:12:34,21.46,out,21.6
20:12:35,21.54,out,21.6
20:12:35,21.58,out,21.6
20:12:36,21.58,out,21.6
20:12:36,21.49,out,21.6
20:12:37,21.46,out,21.6
20:12:38,21.58,out,21.6
20:12:38,21.49,out,21.6
20:12:39,21.46,out,21.6
20:12:39,21.53,out,21.6
20:12:40,21.46,out,21.6
20:12:40,21.58,out,21.6
20:12:41,21.47,out,21.6
20:12:41,21.54,out,21.6
20:12:42,21.44,out,21.6
20:12:43,21.61,out,21.6
20:12:43,21.44,out,21.6
20:12:44,21.44,out,21.6
20:12:44,21.49,out,21.6
20:12:45,21.50,out,21.6
20:12:46,21.54,out,21.6
20:12:46,21.62,out,21.6
20:12:47,21.65,out,21.6
20:12:47,21.44,out,21.6
20:12:48,21.52,out,21.6
20:12:48,21.56,out,21.6
20:12:49,21.44,out,21.6
20:12:50,21.53,out,21.6
20:12:50,21.43,out,21.6
20:12:51,21.71,out,21.6
20:12:51,21.53,out,21.6
20:12:52,21.44,out,21.6
20:12:52,21.50,out,21.6
20:12:53,21.35,out,21.6
20:12:54,21.56,out,21.6
20:12:54,21.49,out,21.6
20:12:55,21.43,out,21.6
20:12:55,21.54,out,21.6
20:12:56,21.56,out,21.6
20:12:56,21.43,out,21.6
20:12:57,21.38,out,21.6
20:12:58,21.65,out,21.6
20:12:58,21.54,out,21.6
20:12:59,21.40,out,21.6
20:12:59,21.61,out,21.6
20:13:00,21.65,out,21.6
20:13:00,21.59,out,21.6
20:13:01,21.47,out,21.6
20:13:02,21.43,out,21.6
20:13:02,21.44,out,21.6
20:13:03,21.49,out,21.6
20:13:03,21.50,out,21.6
20:13:04,21.53,out,21.6
20:13:04,21.53,out,21.6
20:13:05,21.58,out,21.6
20:13:06,21.54,out,21.6
20:13:06,21.61,out,21.6
20:13:07,21.47,out,21.6
20:13:07,21.46,out,21.6
20:13:08,21.46,out,21.6
20:13:08,21.44,out,21.6
20:13:09,21.52,out,21.6
20:13:10,21.46,out,21.6
20:13:10,21.64,out,21.6
20:13:11,21.43,out,21.6
20:13:11,21.49,out,21.6
20:13:12,21.58,out,21.6
20:13:12,21.50,out,21.6
20:13:13,21.56,out,21.6
20:13:14,21.50,out,21.6
20:13:14,21.53,out,21.6
20:13:15,21.52,out,21.6
20:13:15,21.54,out,21.6
20:13:16,21.40,out,21.6
20:13:16,21.52,out,21.6
20:13:17,21.50,out,21.6
20:13:18,21.64,out,21.6
20:13:18,21.52,out,21.6
20:13:19,21.50,out,21.6
20:13:19,21.59,out,21.6
20:13:20,21.58,out,21.6
20:13:20,21.47,out,21.6
20:13:21,21.49,out,21.6
20:13:22,21.42,out,21.6
20:13:22,21.47,out,21.6
20:13:23,21.38,out,21.6
20:13:23,21.53,out,21.6
20:13:24,21.54,out,21.6
20:13:24,21.58,out,21.6
20:13:25,21.38,out,21.6
20:13:26,21.54,out,21.6
20:13:26,21.59,out,21.6
20:13:27,21.40,out,21.6
20:13:27,21.42,out,21.6
20:13:28,21.53,out,21.6
20:13:28,21.56,out,21.6
20:13:29,21.65,out,21.6
20:13:30,21.50,out,21.6
20:13:30,21.49,out,21.6
20:13:31,21.58,out,21.6
20:13:31,21.42,out,21.6
20:13:32,21.54,out,21.6
20:13:32,21.64,out,21.6
20:13:33,21.54,out,21.6
20:13:34,21.49,out,21.6
20:13:34,21.61,out,21.6
20:13:35,21.61,out,21.6
20:13:35,21.52,out,21.6
20:13:36,21.31,out,21.6
20:13:36,21.52,out,21.6
20:13:37,21.59,out,21.6
20:13:38,21.50,out,21.6
20:13:38,21.52,out,21.6
20:13:39,21.46,out,21.6
20:13:39,21.53,out,21.6
20:13:40,21.43,out,21.6
20:13:40,21.46,out,21.6
20:13:41,21.58,out,21.6
20:13:42,21.42,out,21.6
20:13:42,21.46,out,21.6
20:13:43,21.40,out,21.6
20:13:43,21.42,out,21.6
20:13:44,21.40,out,21.6
20:13:44,21.62,out,21.6
20:13:45,21.65,out,21.6
20:13:46,21.44,out,21.6
20:13:46,21.44,out,21.6
20:13:47,21.40,out,21.6
20:13:47,21.52,out,21.6
20:13:48,21.56,out,21.6
20:13:48,21.53,out,21.6
20:13:49,21.58,out,21.6
20:13:50,21.44,out,21.6
20:13:50,21.47,out,21.6
20:13:51,21.61,out,21.6
20:13:51,21.40,out,21.6
20:13:52,21.50,out,21.6
20:13:53,21.43,out,21.6
20:13:53,21.46,out,21.6
20:13:54,21.53,out,21.6
20:13:54,21.58,out,21.6
20:13:55,21.47,out,21.6
20:13:55,21.61,out,21.6
20:13:56,21.50,out,21.6
20:13:57,21.52,out,21.6
20:13:57,21.38,out,21.6
20:13:58,21.50,out,21.6
20:13:58,21.64,out,21.6
20:13:59,21.52,out,21.6
20:13:59,21.49,out,21.6
20:14:00,21.49,out,21.6
20:14:01,21.46,out,21.6
20:14:01,21.42,out,21.6
20:14:02,21.40,out,21.6
20:14:02,21.49,out,21.6
20:14:03,21.69,out,21.6
20:14:03,21.56,out,21.6
20:14:04,21.34,out,21.6
20:14:05,21.52,out,21.6
20:14:05,21.61,out,21.6
20:14:06,21.44,out,21.6
20:14:06,21.47,out,21.6
20:14:07,21.43,out,21.6
20:14:07,21.59,out,21.6
20:14:08,21.58,out,21.6
20:14:09,21.43,out,21.6
20:14:09,21.46,out,21.6
20:14:10,21.58,out,21.6
20:14:10,21.58,out,21.6
20:14:11,21.35,out,21.6
20:14:11,21.38,out,21.6
20:14:12,21.53,out,21.6
20:14:13,21.49,out,21.6
20:14:13,21.46,out,21.6
20:14:14,21.46,out,21.6
20:14:14,21.53,out,21.6
20:14:15,21.44,out,21.6
20:14:15,21.44,out,21.6
20:14:16,21.54,out,21.6
20:14:17,21.38,out,21.6
20:14:17,21.50,out,21.6
20:14:18,21.49,out,21.6
20:14:18,21.56,out,21.6
20:14:19,21.50,out,21.6
20:14:19,21.49,out,21.6
20:14:20,21.53,out,21.6
20:14:21,21.50,out,21.6
20:14:21,21.64,out,21.6
20:14:22,21.59,out,21.6
20:14:22,21.46,out,21.6
20:14:23,21.50,out,21.6
20:14:23,21.58,out,21.6
20:14:24,21.42,out,21.6
20:14:25,21.40,out,21.6
20:14:25,21.46,out,21.6
20:14:26,21.43,out,21.6
20:14:26,21.38,out,21.6
20:14:27,21.52,out,21.6
20:14:27,21.40,out,21.6
20:14:28,21.50,out,21.6
20:14:29,21.52,out,21.6
20:14:29,21.52,out,21.6
20:14:30,21.65,out,21.6
20:14:30,21.61,out,21.6
20:14:31,21.47,out,21.6
20:14:31,21.50,out,21.6
20:14:32,21.64,out,21.6
20:14:33,21.58,out,21.6
20:14:33,21.58,out,21.6
20:14:34,21.43,out,21.6
20:14:34,21.50,out,21.6
20:14:35,21.59,out,21.6
20:14:35,21.49,out,21.6
20:14:36,21.34,out,21.6
20:14:37,21.53,out,21.6
20:14:37,21.43,out,21.6
20:14:38,21.47,out,21.6
20:14:38,21.40,out,21.6
20:14:39,21.42,out,21.6
20:14:39,21.49,out,21.6
20:14:40,21.44,out,21.6
20:14:41,21.52,out,21.6
20:14:41,21.58,out,21.6
20:14:42,21.54,out,21.6
20:14:42,21.58,out,21.6
20:14:43,21.47,out,21.6
20:14:43,21.47,out,21.6
20:14:44,21.43,out,21.6
20:14:45,21.47,out,21.6
20:14:45,21.50,out,21.6
20:14:46,21.59,out,21.6
20:14:46,21.29,out,21.6
20:14:47,21.43,out,21.6
20:14:47,21.53,out,21.6
20:14:48,21.44,out,21.6
20:14:49,21.58,out,21.6
20:14:49,21.46,out,21.6
20:14:50,21.50,out,21.6
20:14:50,21.47,out,21.6
20:14:51,21.47,out,21.6
20:14:51,21.28,out,21.6
